"Time [ms]","Current(PhaseA) [A]","Current(PhaseB) [A]","Current(PhaseC) [A]"
0,0,0,0
0.2,0.0725106959033634,-0.981931276967403,0.909420581064039
0.4,0.189296388718771,-1.93891315661568,1.74961676789691
0.6,0.360901190969743,-2.84389866551766,2.48299747454792
0.8,0.656894864254214,-3.80155877329514,3.14466390904092
1,0.985620331082008,-4.77576978773602,3.79014945665401
1.2,1.27471062430951,-5.71810311143846,4.44339248712895
1.4,1.62538802505776,-6.53709892135319,4.91171089629543
1.6,2.11349329986851,-7.43678553966569,5.32329223979718
1.8,2.71845684457374,-8.41264643109279,5.69418958651905
2,3.16564586582385,-9.28373669258421,6.11809082676036
2.2,3.70701449313408,-10.2266454341063,6.51963094097218
2.4,4.36295536081324,-11.0705203396644,6.70756497885111
2.6,5.09438325697956,-11.9388799732126,6.84449671623308
2.8,5.7834240201334,-12.7162755700207,6.93285154988728
3,6.35596993202797,-13.5257082611516,7.1697383291236
3.2,7.17687218500338,-14.3728996760326,7.19602749102922
3.4,8.01161776431288,-15.1579700065976,7.1463522422847
3.6,8.78696415452012,-15.7421602974939,6.95519614297382
3.8,9.4626380254747,-16.3022947300981,6.83965670462338
4,10.3888402198546,-17.1585219464185,6.76968172656384
4.2,11.3920528063635,-17.9325209244336,6.54046811807015
4.4,12.0908522539819,-18.2965225732886,6.20567031930674
4.6,12.7891002132068,-18.4884305013312,5.69933028812437
4.8,13.6680064418189,-19.0673035317664,5.39929708994747
5,14.7803308132014,-19.8249711327194,5.04464031951797
5.2,15.5044838639371,-20.0813098504871,4.57682598655004
5.4,16.0066533655245,-19.9414235424825,3.93477017695798
5.6,16.7816556921839,-20.0824951173265,3.30083942514261
5.8,17.8561408677587,-20.6583007361697,2.80215986841101
6,18.6579374585532,-20.8560228044345,2.19808534588124
6.2,18.98187555725,-20.5073063827634,1.52543082551348
6.4,19.5339520852994,-20.2325474555224,0.698595370223046
6.6,20.5403000228301,-20.4771524705832,-0.063147552246857
6.8,21.3497556712134,-20.6480930966912,-0.701662574522246
7,21.6137762790461,-20.179945572924,-1.43383070612211
7.2,21.8045658996162,-19.5600061285361,-2.24455977108008
7.4,22.6210237041385,-19.4786596460025,-3.14236405813606
7.59999999999999,23.38172205943,-19.5178045765965,-3.86391748283347
7.79999999999999,23.6277315648241,-19.0624837253475,-4.56524783947667
8,23.5037414421847,-18.1787746589924,-5.32496678319227
8.2,23.9164604869096,-17.796635816766,-6.11982467014358
8.4,24.6101780812399,-17.6736890730078,-6.93648900823204
8.6,24.8070375614808,-17.2199789577382,-7.5870586037426
8.8,24.4681433971003,-16.2371143871994,-8.23102900990088
9,24.3920134068341,-15.5421877819642,-8.8498256248699
9.2,24.8208272589974,-15.2629496010303,-9.55787765796705
9.4,24.9745030068231,-14.7445106885374,-10.2299923182857
9.6,24.5119819803791,-13.8233861615833,-10.6885958187959
9.8,23.9594995184985,-12.7954987225912,-11.1640007959073
10,24.0714253415983,-12.3943810147715,-11.6770443268269
10.2,24.1049409338619,-11.8161420229916,-12.2887989108704
10.4,23.5984534243459,-10.9631119024985,-12.6353415218474
10.6,22.7544612887484,-9.85730756102752,-12.8971537277209
10.8,22.5045545021846,-9.24981127458209,-13.2547432276025
11,22.4091063441884,-8.75030436625947,-13.6588019779289
11.2,21.882263173502,-7.90714033190824,-13.9751228415937
11.4,20.9455654605682,-6.90281102011138,-14.0427544404568
11.6,20.3404882228761,-6.10386513268179,-14.2366230901944
11.8,20.1230335565399,-5.67988585930699,-14.4431476972329
12,19.6487437984613,-4.97707711837846,-14.6716666800829
12.2,18.7175497809266,-4.07955325421635,-14.6379965267102
12.4,17.9195346436176,-3.28419981170467,-14.6353348319129
12.6,17.5261089346738,-2.80391221751962,-14.7221967171541
12.8,17.1332135069995,-2.37680523602187,-14.7564082709777
13,16.2910895257291,-1.63958325809762,-14.6515062676315
13.2,15.4028387315906,-0.94817180636698,-14.4546669252236
13.4,14.9408640467448,-0.496641780733505,-14.4442222660113
13.6,14.5243795538133,-0.197269070262437,-14.3271104835509
13.8,13.8164442644084,0.27530130384072,-14.0917455682491
14,12.8681795429659,0.872839044393822,-13.7410185873598
14.2,12.3368927674577,1.25344125890948,-13.5903340263672
14.4,11.9122079564443,1.48796356191889,-13.4001715183632
14.6,11.2655887220571,1.73962806532617,-13.0052167873833
14.8,10.4329517068811,2.17122443416218,-12.6041761410433
15,9.79270491435369,2.49865222525802,-12.2913571396117
15.2,9.42380569845333,2.65471657106777,-12.0785222695211
15.4,8.82352819508591,2.78481711285838,-11.6083453079443
15.6,8.14209801616686,2.99102400850623,-11.1331220246731
15.8,7.50241164113705,3.27671673638867,-10.7791283775257
16,7.11864816250093,3.35095247064031,-10.4696006331412
16.2,6.6602025555842,3.38260295543462,-10.0428055110188
16.4,6.02882885402987,3.44350429673773,-9.4723331507676
16.6,5.50355818641586,3.57375037417428,-9.07730856059013
16.8,5.12061702030539,3.5972105145133,-8.71782753481869
17,4.82692081356274,3.48202418705091,-8.30894500061365
17.2,4.29028056562693,3.43480714758747,-7.7250877132144
17.4,3.83906319590408,3.42886425392172,-7.2679274498258
17.6,3.52474269007348,3.38729870824003,-6.91204139831351
17.8,3.29505782456865,3.17049353902014,-6.46555136358879
18,2.97289696899702,3.01150121736112,-5.98439818635815
18.2,2.57766074578298,2.91907894247476,-5.49673968825774
18.4,2.35108698460637,2.77924694184668,-5.13033392645305
18.6,2.19446827637472,2.53676291993481,-4.73123119630953
18.8,2.00236086789881,2.25003963345811,-4.25240050135692
19,1.72456462912218,2.06623798146871,-3.7908026105909
19.2,1.56132640674039,1.86112943861999,-3.42245584536038
19.4,1.5037186710442,1.60162466014882,-3.10534333119302
19.6,1.42137903663721,1.26363512356189,-2.6850141601991
19.8,1.28492376438104,1.00564754606489,-2.29057131044592
20,1.19993499784658,0.772451903536275,-1.97238690138286
20.2,1.22841223060376,0.462806499344641,-1.6912187299484
20.4,1.23127846228753,0.103874731622941,-1.33515319391047
20.6,1.20302920477833,-0.213179706574813,-0.989849498203521
20.8,1.2035661222503,-0.47222979350891,-0.731336328741387
21,1.31606218707936,-0.80229340286901,-0.513768784210345
21.2,1.42142197909175,-1.17757778377827,-0.243844195313486
21.4,1.47398384236202,-1.52022068775011,0.0462368453880853
21.6,1.54837418100957,-1.77206393238308,0.223689751373513
21.8,1.73339255307673,-2.08853704700548,0.35514449392875
22,1.9421041661941,-2.46952059070652,0.527416424512423
22.2,2.05293429485119,-2.81373843748837,0.760804142637183
22.4,2.18143658683129,-3.05120542802985,0.869768841198558
22.6,2.40194754311219,-3.30127166281168,0.899324119699488
22.8,2.705786154151,-3.66939597709452,0.963609822943515
23,2.89439632834097,-4.00572582628605,1.11132949794508
23.2,3.04332817019975,-4.23947572617091,1.19614755597116
23.4,3.28207902938465,-4.39643117856065,1.114352149176
23.6,3.6412725989532,-4.70478580788294,1.06351320892974
23.8,3.9358856684573,-5.03661820868411,1.10073254022681
24,4.07155838152769,-5.23986647119558,1.16830808966788
24.2,4.30696393484157,-5.33107453026917,1.0241105954276
24.4,4.67097074699462,-5.50543816170977,0.834467414715145
24.6,5.0418194505603,-5.81553655157283,0.773717101012532
24.8,5.22504935152493,-6.00261959001483,0.777570238489905
25,5.42976152348875,-6.07669909821942,0.646937574730666
25.2,5.77406116906153,-6.10925879001277,0.335197620951236
25.4,6.12843030062864,-6.29640958982583,0.167979289197186
25.6,6.37120196833253,-6.48349740613856,0.112295437806033
25.8,6.49962377421452,-6.50231219582991,0.0026884216153924
26,6.79391060282637,-6.44549613081871,-0.348414472007665
26.2,7.12763037601588,-6.45559350334789,-0.672036872667991
26.4,7.40730762988173,-6.62063508439473,-0.786672545487
26.6,7.50642192529385,-6.61401542777451,-0.892406497519342
26.7999999999999,7.67864823198651,-6.49563253167372,-1.18301570031279
26.9999999999999,8.02198906006902,-6.38112078248022,-1.6408682775888
27.1999999999999,8.2492938055886,-6.38776961779953,-1.86152418778907
27.3999999999999,8.35953163023918,-6.41940876101275,-1.94012286922643
27.5999999999999,8.41384725379708,-6.238726294129,-2.17512095966809
27.7999999999999,8.64401198140479,-6.02556523810133,-2.61844674330346
27.9999999999999,8.90441839631134,-5.89950194285618,-3.00491645345516
28.1999999999999,9.01526989019645,-5.91490669551705,-3.1003631946794
28.3999999999999,8.99200141633195,-5.72977485587834,-3.26222656045361
28.5999999999999,9.04905343934608,-5.4247485846649,-3.62430485468118
28.7999999999999,9.25301705412551,-5.17675006020154,-4.07626699392397
28.9999999999999,9.3451623201581,-5.08321980523561,-4.2619425149225
29.1999999999999,9.3454306001878,-5.00430809301852,-4.34112250716928
29.3999999999999,9.25778078240524,-4.63591891252326,-4.62186186988199
29.5999999999999,9.27797426273662,-4.27514571709501,-5.00282854564161
29.7999999999999,9.37538126438467,-4.06739407527174,-5.30798718911293
29.9999999999999,9.3584977348188,-4.00845206981935,-5.35004566499945
30.1999999999999,9.22353164513329,-3.70562161599644,-5.51791002913685
30.3999999999999,9.04434851986278,-3.22867634416137,-5.81567217570142
30.5999999999999,9.05165037222302,-2.93089021411664,-6.12076015810638
30.7999999999999,9.0422949473465,-2.81504040765192,-6.22725453969458
30.9999999999999,8.89070722686875,-2.64706016447035,-6.24364706239839
31.1999999999999,8.61063874994661,-2.16039638527596,-6.45024236467065
31.3999999999999,8.44129431783108,-1.75334888709215,-6.68794543073893
31.5999999999999,8.43700154333158,-1.58075158602256,-6.85624995730902
31.7999999999999,8.25078276607756,-1.46623581058952,-6.78454695548803
31.9999999999999,7.97863550189947,-1.113206174925,-6.86542932697447
32.1999999999999,7.6615476096943,-0.619817814449617,-7.04172979524468
32.3999999999999,7.56556402035183,-0.384536674180267,-7.18102734617157
32.5999999999999,7.44682863312369,-0.283292018030753,-7.16353661509293
32.7999999999999,7.10511675865091,-0.0798728220319688,-7.02524393661894
32.9999999999999,6.75517484014833,0.362341872373667,-7.11751671252199
33.1999999999999,6.51904296835483,0.692073328545527,-7.21111629690035
33.3999999999999,6.41991206762248,0.780564571928226,-7.2004766395507
33.5999999999999,6.10457710580238,0.897293514637429,-7.00187062043981
33.7999999999999,5.70037641291642,1.19621483101352,-6.89659124392993
33.9999999999999,5.3979398250691,1.56791952802803,-6.96585935309713
34.1999999999999,5.24563349182487,1.68041984004512,-6.92605333186999
34.3999999999999,5.02827322872221,1.72423415520269,-6.7525073839249
34.5999999999999,4.59301833760025,1.89941200733465,-6.4924303449349
34.7999999999999,4.24389899064736,2.20025406257106,-6.44415305321842
34.9999999999999,4.03384371694188,2.37012833649042,-6.4039720534323
35.1999999999999,3.87563207140391,2.34659180073706,-6.22222387214097
35.3999999999999,3.49356141947503,2.4203517626662,-5.91391318214123
35.5999999999999,3.08857013192519,2.60795615279654,-5.69652628472172
35.7999999999999,2.87046981344147,2.78892629748479,-5.65939611092626
35.9999999999999,2.71014121777497,2.75257527419328,-5.46271649196825
36.1999999999999,2.4792161222926,2.7020566384596,-5.1812727607522
36.3999999999999,2.0774902393118,2.79506325155513,-4.87255349086694
36.5999999999999,1.83392010136475,2.91751062079154,-4.75143072215629
36.7999999999999,1.71621958373239,2.89446400125735,-4.61068358498974
36.9999999999999,1.5537518953543,2.75014158193962,-4.30389347729392
37.1999999999999,1.22669403369734,2.73775729724724,-3.96445133094458
37.3999999999999,0.948040487513754,2.78639372205166,-3.73443420956542
37.5999999999999,0.861544577214908,2.76431399061886,-3.62585856783376
37.7999999999999,0.766186820191634,2.57758951278223,-3.34377633297387
37.9999999999999,0.552794075561782,2.44822952976383,-3.00102360532561
38.1999999999999,0.291582910393749,2.44008958826202,-2.73167249865577
38.3999999999999,0.197792688670195,2.3789605865795,-2.5767532752497
38.5999999999999,0.17071482944874,2.20402006831462,-2.37473489776336
38.7999999999999,0.0549295150905914,1.98445383514109,-2.03938335023168
38.9999999999999,-0.144686336131763,1.89843593429697,-1.75374959816521
39.1999999999999,-0.239144963396033,1.82872707121097,-1.58958210781493
39.3999999999999,-0.2036586687926,1.63765394667834,-1.43399527788574
39.5999999999999,-0.235150141618051,1.37534370913211,-1.14019356751406
39.7999999999999,-0.354700539125369,1.20856152496195,-0.85386098583658
39.9999999999999,-0.423155367266167,1.11861119511043,-0.695455827844264
40.1999999999999,-0.354160259170756,0.929239574793382,-0.575079315622626
40.3999999999999,-0.297347040673942,0.653671881739823,-0.356324841065882
40.5999999999999,-0.335043251427811,0.424878869698505,-0.0898356182706945
40.7999999999999,-0.372142095740424,0.30445905475735,0.0676830409830736
40.9999999999999,-0.281939098842579,0.137876203424292,0.144062895418287
41.1999999999999,-0.13863838328373,-0.14096113924776,0.27959952253149
41.3999999999999,-0.101293723673478,-0.411039586027139,0.512333309700617
41.5999999999999,-0.102514742850053,-0.557652155445438,0.660166898295491
41.7999999999999,0.00665083877141855,-0.695359095875173,0.688708257103755
41.9999999999999,0.207738221543525,-0.956153000956252,0.748414779412726
42.1999999999999,0.32447142764766,-1.24014256446181,0.915671136814149
42.3999999999999,0.3633498462733,-1.40914542987703,1.04579558360373
42.5999999999999,0.470062536685861,-1.51024905657708,1.04018651989122
42.7999999999999,0.704151566516467,-1.7184901625564,1.01433859603994
42.9999999999999,0.901406596771709,-1.99367008434526,1.09226348757355
43.1999999999999,0.977536258529902,-2.18804325758012,1.21050699905022
43.3999999999998,1.08079125291524,-2.25791841121981,1.17712715830457
43.5999999999998,1.3152216400437,-2.3898520892696,1.0746304492259
43.7999999999998,1.58637046746698,-2.64709103471747,1.06072056725049
43.9999999999998,1.71007085495968,-2.84638064311184,1.13630978815216
44.1999999999998,1.80105873656922,-2.90437474946436,1.10331601289515
44.3999999999998,2.00978869098101,-2.94237180599123,0.932583115010225
44.5999999999998,2.31458796853891,-3.13558153542516,0.820993566886246
44.7999999999998,2.50660594660119,-3.33376432933268,0.827158382731495
44.9999999999998,2.57187501242496,-3.38999133104601,0.818116318621054
45.1999999999998,2.7419018321018,-3.35825621298302,0.616354380881218
45.3999999999998,3.02992836915968,-3.44184315219109,0.411914783031408
45.5999999999998,3.28444176678387,-3.63348026579916,0.349038499015286
45.7999999999998,3.35173489868434,-3.68229976431994,0.330564865635604
45.9999999999998,3.44581076714162,-3.60706593067296,0.161255163531342
46.1999999999998,3.69390106801002,-3.56555330840463,-0.128347759605385
46.3999999999998,3.96696839568064,-3.69196058877138,-0.275007806909258
46.5999999999998,4.08469138862034,-3.76112984017576,-0.323561548444577
46.7999999999998,4.09225786593386,-3.64856541941868,-0.443692446515176
46.9999999999998,4.27071196270904,-3.51269001944976,-0.758021943259279
47.1999999999998,4.53174516245066,-3.52178239683669,-1.00996276561397
47.3999999999998,4.68908929436602,-3.60640314594911,-1.08268614841692
47.5999999999998,4.66165808522981,-3.48826016415176,-1.17339792107806
47.7999999999998,4.71392212640398,-3.27907430371656,-1.43484782268743
47.9999999999998,4.93717605535274,-3.16576757370394,-1.7714084816488
48.1999999999998,5.10531294402667,-3.20594316741932,-1.89936977660736
48.3999999999998,5.10621184534191,-3.14333967125319,-1.96287217408872
48.5999999999998,5.0357753260734,-2.88213546606462,-2.15363986000878
48.7999999999998,5.16495370014753,-2.67268928227486,-2.49226441787268
48.9999999999998,5.34022177291869,-2.62196891525816,-2.71825285766053
49.1999999999998,5.3500368109822,-2.60346025958806,-2.74657655139414
49.3999999999998,5.21391922948995,-2.356067418476,-2.85785181101395
49.5999999999998,5.19388812587044,-2.0581024439563,-3.13578568191414
49.7999999999998,5.33879811172669,-1.91544107946447,-3.42335703226222
49.9999999999998,5.35718613399194,-1.88248854258259,-3.47469759140935
50.1999999999998,5.21539851565062,-1.71454190607772,-3.5008566095729
50.3999999999998,5.05817822095613,-1.35735152172585,-3.70082669923027
50.5999999999998,5.10021741934443,-1.12633668495359,-3.97388073439084
50.7999999999998,5.15438973287599,-1.05024697530744,-4.10414275756855
50.9999999999998,4.99975211188519,-0.947240311040905,-4.05251180084429
51.1999999999998,4.76334859491887,-0.625845625456672,-4.1375029694622
51.3999999999998,4.66353861879486,-0.296881594877774,-4.36665702391709
51.5999999999998,4.71265049324929,-0.17841987671753,-4.53423061653175
51.7999999999998,4.59082502175334,-0.106873641335854,-4.48395138041749
51.9999999999998,4.32608350092115,0.119157264587443,-4.44524076550859
52.1999999999998,4.11247248227589,0.486627293873869,-4.59909977614976
52.3999999999998,4.06677618519784,0.680315328176973,-4.74709151337481
52.5999999999998,4.02281923907666,0.721836073257299,-4.74465531233396
52.7999999999998,3.74835936436024,0.856557315396806,-4.60491667975705
52.9999999999998,3.46060989654333,1.16848492332166,-4.629094819865
53.1999999999998,3.31810351903989,1.43891861898722,-4.75702213802711
53.3999999999998,3.28069015801422,1.47697678111924,-4.75766693913346
53.5999999999998,3.0606275056848,1.53636384877659,-4.59699135446139
53.7999999999998,2.72449641733974,1.75457428229922,-4.47907069963896
53.9999999999998,2.51082681265916,2.03805164060476,-4.54887845326392
54.1999999999998,2.42475632656775,2.12482292938261,-4.54957925595037
54.3999999999998,2.29090342880385,2.10236434252153,-4.39326777132538
54.5999999999998,1.95016105124761,2.22580773470826,-4.17596878595587
54.7999999999998,1.66585742421832,2.46037879336909,-4.12623621758742
54.9999999999998,1.54888993481937,2.5992212948313,-4.14811122965067
55.1999999999998,1.45582068998717,2.54055179909412,-3.99637248908129
55.3999999999998,1.17859410908086,2.56142489384383,-3.74001900292469
55.5999999999998,0.8481456642355,2.72245322797765,-3.57059889221315
55.7999999999998,0.696301599955731,2.86140443715742,-3.55770603711315
55.9999999999998,0.622074641041913,2.82115747564965,-3.44323211669157
56.1999999999998,0.44696975451685,2.72893417413236,-3.17590392864921
56.3999999999998,0.129700594459622,2.79974338465526,-2.92944397911488
56.5999999999998,-0.0755761612985776,2.9077623799287,-2.83218621863013
56.7999999999998,-0.123784582221466,2.88673190666529,-2.76294732444382
56.9999999999998,-0.223436155718259,2.73297040680819,-2.50953425108993
57.1999999999998,-0.472770755963596,2.69013653367832,-2.21736577771473
57.3999999999998,-0.709907000885225,2.75846990337454,-2.04856290248932
57.5999999999998,-0.757766723977492,2.73264767545813,-1.97488095148064
57.7999999999998,-0.786569940212953,2.56186412287261,-1.77529418265966
57.9999999999998,-0.948555971093473,2.40791343921216,-1.45935746811869
58.1999999999998,-1.16719055544978,2.40682582165711,-1.23963526620733
58.3999999999998,-1.23951715766121,2.38720142025185,-1.14768426259064
58.5999999999998,-1.20969527463677,2.21524988129983,-1.00555460666305
58.7999999999998,-1.27916271224775,1.99303984612133,-0.713877133873582
58.9999999999998,-1.45076214942136,1.90590790977777,-0.455145760356405
59.1999999999998,-1.53714389104197,1.88001920975438,-0.342875318712413
59.3999999999998,-1.4692461263913,1.72083776383691,-0.251591637445607
59.5999999999998,-1.44403066602437,1.46804187183038,-0.0240112058060142
59.7999999999997,-1.54645396616918,1.29588126443954,0.25057270172964
59.9999999999997,-1.62146567561636,1.23831332275736,0.383152352859007
60.1999999999997,-1.54735725115644,1.11286969662299,0.434487554533449
60.3999999999997,-1.43440510378005,0.846709620553874,0.587695483226179
60.5999999999997,-1.44672481269288,0.610232182261332,0.836492630431548
60.7999999999997,-1.5051797162181,0.513610568063938,0.991569148154161
60.9999999999997,-1.42504755658082,0.412605647433852,1.01244190914696
61.1999999999997,-1.25056602947208,0.169938592423453,1.08062743704863
61.3999999999997,-1.17429003177766,-0.104495160273391,1.27878519205105
61.5999999999997,-1.19274885785296,-0.246600384810117,1.43934924266308
61.7999999999997,-1.12331684030601,-0.327811992319016,1.45112883262503
61.9999999999997,-0.922776522595488,-0.521055162257985,1.44383168485347
62.1999999999997,-0.758493552853263,-0.804412390236279,1.56290594308954
62.3999999999997,-0.72041766496663,-0.993723568608834,1.71414123357546
62.5999999999997,-0.669376945135651,-1.05563322955962,1.72501017469527
62.7999999999997,-0.460488464807982,-1.1839604418492,1.64444890665719
62.9999999999998,-0.226474429588676,-1.44007978891285,1.66655421850152
63.1999999999998,-0.130876258268338,-1.65735248156625,1.78822873983458
63.3999999999998,-0.0780947701091351,-1.7149657003858,1.79306047049493
63.5999999999998,0.103755916669517,-1.77862870333868,1.67487278666917
63.7999999999998,0.379693997934192,-1.98136472986691,1.60167073193271
63.9999999999998,0.543073604495559,-2.19858671248851,1.65551310799296
64.1999999999998,0.60766320689937,-2.28256357385201,1.67490036695264
64.3999999999998,0.745344290694226,-2.27644275137079,1.53109846067656
64.5999999999998,1.02280413963196,-2.39089772831858,1.36809358868663
64.7999999999998,1.25987960563072,-2.59897988666185,1.33910028103113
64.9999999999998,1.33545090331018,-2.6967233242139,1.36127242090372
65.1999999999998,1.42976521871527,-2.65098235229913,1.22121713358386
65.3999999999998,1.67098058373796,-2.66733183293955,0.99635124920159
65.5999999999998,1.94553292889081,-2.82806771160956,0.882534782718752
65.7999999999998,2.05427792804909,-2.92687183054665,0.872593902497565
65.9999999999998,2.09943372223029,-2.87500333018844,0.775569607958152
66.1999999999998,2.27452767768854,-2.79047175887593,0.515944081187397
66.3999999999998,2.53893116801479,-2.8560983626965,0.317167194681712
66.5999999999999,2.70577884265986,-2.96667110964152,0.260892266981652
66.7999999999999,2.71347253407819,-2.9060079000759,0.192535365997712
66.9999999999999,2.80544873365119,-2.75610499862506,-0.0493437350261279
67.1999999999999,3.04030108549228,-2.71270750567703,-0.327593579815241
67.3999999999999,3.23303972090932,-2.79328117694578,-0.439758543963541
67.5999999999999,3.24599856272665,-2.74888261337577,-0.497115949350881
67.7999999999999,3.23741421111818,-2.55686039562416,-0.680553815494021
67.9999999999999,3.40189652793725,-2.40792247676635,-0.993974051170899
68.1999999999999,3.59263811716045,-2.41285117768006,-1.17978693948039
68.3999999999999,3.63681665933007,-2.410932266146,-1.22588439318407
68.5999999999999,3.56073747984626,-2.20654669625865,-1.35419078358762
68.7999999999999,3.61591723890563,-1.98001095319243,-1.63590628571321
68.9999999999999,3.78946559449714,-1.89745799808162,-1.89200759641552
69.1999999999999,3.84493212867619,-1.89494761631771,-1.94998451235848
69.3999999999999,3.74557236985796,-1.73424755424578,-2.01132481561218
69.5999999999999,3.67238617590916,-1.4487050231315,-2.22368115277765
69.7999999999999,3.78114954200639,-1.27985187618122,-2.50129766582517
70,3.84991715463341,-1.23771648787498,-2.61220066675844
70.2,3.74568193796423,-1.13871504527544,-2.60696689268878
70.4,3.58405272231656,-0.842042702633671,-2.74201001968289
70.6,3.57802096661523,-0.587396012499845,-2.99062495411539
70.8,3.65325079974272,-0.499772557836778,-3.15347824190594
71,3.55381988586925,-0.43202398987619,-3.12179589599306
71.2,3.34281686364609,-0.190703930144359,-3.15211293350173
71.4,3.21446431894036,0.127150523830976,-3.34161484277134
71.6,3.24747600507555,0.268834400460942,-3.51631040553649
71.8,3.19039126097347,0.325263202335933,-3.5156544633094
72,2.95641821044922,0.488173396951462,-3.44459160740068
72.2,2.7416848558006,0.803061920495906,-3.5447467762965
72.4,2.68678073579317,1.02141460309594,-3.70819533888911
72.6,2.66605624888323,1.06465866833631,-3.73071491721954
72.8,2.44817156383999,1.15399808781626,-3.60216965165626
73,2.17167041718414,1.40692449660732,-3.57859491379146
73.2,2.02704918004872,1.6727044187857,-3.69975359883442
73.4,1.99524107405296,1.73351218818819,-3.72875326224115
73.6000000000001,1.83917453339727,1.75971871223355,-3.59889324563082
73.8000000000001,1.52738293376182,1.93039686113719,-3.45777979489901
74.0000000000001,1.30841287587187,2.18366298593509,-3.49207586180696
74.2000000000001,1.23383865022736,2.30118133382895,-3.53501998405631
74.4000000000001,1.13563617545038,2.26853226196086,-3.40416843741124
74.6000000000001,0.849874894135177,2.34047784694352,-3.1903527410787
74.8000000000001,0.563604778624998,2.54901312782902,-3.11261790645402
75.0000000000001,0.448201892282751,2.69794481759646,-3.14614670987921
75.2000000000001,0.378880444380042,2.65577555945586,-3.0346560038359
75.4000000000001,0.16614921340959,2.63004275657544,-2.79619196998503
75.6000000000001,-0.147712536693218,2.76489118781101,-2.61717865111779
75.8000000000001,-0.314693780002014,2.90417895320597,-2.58948517320396
76.0000000000001,-0.361972014607942,2.88800365665666,-2.52603164204872
76.2000000000001,-0.493621509770632,2.7743650793043,-2.28074356953367
76.4000000000001,-0.771642438981936,2.80086554172023,-2.0292231027383
76.6000000000001,-0.989706939815269,2.91789655103644,-1.92818961122117
76.8000000000001,-1.02674696582444,2.91056139244249,-1.88381442661805
77.0000000000002,-1.08966863445766,2.7607815137453,-1.67111287928764
77.2000000000002,-1.29630014977675,2.67502724980837,-1.37872710003162
77.4000000000002,-1.5307005688673,2.73917679014112,-1.20847622127383
77.6000000000002,-1.59369094812893,2.73518845761205,-1.14149750948313
77.8000000000002,-1.58302896431299,2.57862994941449,-0.995600985101499
78.0000000000002,-1.70532559519072,2.40018913859283,-0.694863543402109
78.2000000000002,-1.91290785303479,2.37108174708179,-0.458173894046998
78.4000000000002,-2.00851549805251,2.3824368060088,-0.373921307956298
78.6000000000002,-1.95438020320202,2.23003988914037,-0.275659685938352
78.8000000000002,-1.98056981050899,1.99726007806819,-0.0166902675591989
79.0000000000002,-2.13559989311546,1.87757925496077,0.258020638154693
79.2000000000002,-2.23655634036527,1.8672579426203,0.369298397744973
79.4000000000002,-2.17657518479041,1.74477688174335,0.431798303047063
79.6000000000002,-2.10158430007001,1.49125019082002,0.610334109249981
79.8000000000002,-2.17666687123875,1.29325590968057,0.883410961558179
80.0000000000002,-2.26912479268,1.22950310847676,1.03962168420325
80.2000000000002,-2.21327332398917,1.14865345636975,1.06461986761941
80.4000000000002,-2.06891107596767,0.900225905149572,1.1686851708181
80.6000000000003,-2.04170561310731,0.638816132567857,1.40288948053945
80.8000000000003,-2.10954294566162,0.522183676396815,1.5873592692648
81.0000000000003,-2.05604137971356,0.454642524604006,1.60139885510955
81.2000000000003,-1.87451409750881,0.251405505382855,1.62310859212596
81.4000000000003,-1.74754011342416,-0.0414214404907162,1.78896155391488
81.6000000000003,-1.75727107469045,-0.211893750367989,1.96916482505844
81.8000000000003,-1.7273663163094,-0.27433187656243,2.00169819287183
82.0000000000003,-1.53456082229628,-0.420599081150889,1.95515990344717
82.2000000000003,-1.33047768341253,-0.697853063209697,2.02833074662223
82.4000000000003,-1.26801376489118,-0.921464449463627,2.18947821435481
82.6000000000003,-1.24452165994128,-0.987581152858561,2.23210281279984
82.8000000000003,-1.06953856326478,-1.06918597127058,2.13872453453536
83.0000000000003,-0.815004829949194,-1.29527541522462,2.11028024517381
83.2000000000003,-0.674027632888629,-1.54270016333178,2.21672779622041
83.4000000000003,-0.631892344512808,-1.6304838441419,2.26237618865471
83.6000000000003,-0.501224389460474,-1.65472217490269,2.15594656436316
83.8000000000003,-0.222612346358987,-1.81096787877726,2.03358022513624
84.0000000000004,-0.00919169397282862,-2.04263249697394,2.05182419094677
84.2000000000004,0.059965139395824,-2.16586430710542,2.1058991677096
84.4000000000004,0.15661183963829,-2.14828623938013,1.99167439974184
84.6000000000004,0.40586042116887,-2.20745836859152,1.80159794742265
84.8000000000004,0.676676433221247,-2.40463517646976,1.72795874324852
85.0000000000004,0.786720406290977,-2.54099000562583,1.75426959933486
85.2000000000004,0.852004765309317,-2.51782170876553,1.66581694345621
85.4000000000004,1.04501321714201,-2.48739073042685,1.44237751328484
85.6000000000004,1.33167084288777,-2.60887902435965,1.27720818147188
85.8000000000004,1.4980631580941,-2.74508069709011,1.24701753899601
86.0000000000004,1.5325128227325,-2.73030208218473,1.19778925945223
86.2000000000004,1.65312578930306,-2.62023358591561,0.967107796612546
86.4000000000004,1.90831374365001,-2.63484341463349,0.726529670983476
86.6000000000004,2.11895495806406,-2.75542482311916,0.6364698650551
86.8000000000004,2.14663069091975,-2.74097466026648,0.594343969346731
87.0000000000004,2.19562852891119,-2.59895544306373,0.40332691415254
87.2000000000004,2.39374872258565,-2.50664276984069,0.112894047255042
87.4000000000005,2.60984776459178,-2.56348490510769,-0.0463628594840833
87.6000000000005,2.67507847272231,-2.5720643859274,-0.103014086794914
87.8000000000005,2.64453820788746,-2.41015911414824,-0.234379093739218
88.0000000000005,2.75221472773647,-2.22775102070493,-0.524463707031537
88.2000000000005,2.95527000474643,-2.19310383846622,-0.762166166280204
88.4000000000005,3.04711666961419,-2.21643535965204,-0.830681309962142
88.6000000000005,2.97897197851919,-2.0640107915927,-0.914961186926492
88.8000000000005,2.98373280241947,-1.82680352059065,-1.15692928182882
89.0000000000005,3.13776007260666,-1.69966806346372,-1.43809200914294
89.2000000000005,3.23359339993752,-1.69264309122881,-1.54095030870871
89.4000000000005,3.17105736137354,-1.59095851278293,-1.58009884859061
89.6000000000005,3.06806371602427,-1.32350848584238,-1.74455523018189
89.8000000000005,3.12836265533278,-1.11464923603004,-2.01371341930274
90.0000000000005,3.23130668081962,-1.05305624445541,-2.17825043636421
90.2000000000005,3.16913990307248,-0.989517569893976,-2.1796223331785
90.4000000000005,3.00584219305399,-0.743422441843961,-2.26241975121003
90.6000000000005,2.95266072791074,-0.462523479643537,-2.49013724826721
90.8000000000005,3.02728788721398,-0.341395935041838,-2.68589195217214
91.0000000000006,2.98037151741892,-0.286740324480733,-2.69363119293819
91.2000000000006,2.78626984078576,-0.104427298152774,-2.68184254263299
91.4000000000006,2.62663278478712,0.208454029750875,-2.835086814538
91.6000000000006,2.62770054986648,0.397059956955325,-3.0247605068218
91.8000000000006,2.61845354402442,0.448890091164435,-3.06734363518886
92.0000000000006,2.41843588634655,0.571190613998775,-2.98962650034533
92.2000000000006,2.18838766169363,0.85102543752032,-3.03941309921395
92.4000000000006,2.09983641998935,1.10247584129367,-3.20231226128302
92.6000000000006,2.09245289047009,1.16752007155252,-3.2599729620226
92.8000000000006,1.93088727241513,1.22839507165313,-3.15928234406826
93.0000000000006,1.65422076047292,1.43445793088803,-3.08867869136095
93.2000000000006,1.48167469833717,1.70599395250964,-3.18766865084681
93.4000000000006,1.43689016223945,1.81539376159624,-3.25228392383569
93.6000000000006,1.33368129194442,1.81794432401524,-3.15162561595966
93.8000000000006,1.04750145267288,1.94676475001904,-2.99426620269192
94.0000000000006,0.798709993065638,2.18911133772279,-2.98782133078843
94.2000000000006,0.708718009424415,2.34347460318804,-3.05219261261245
94.4000000000007,0.63726729373404,2.31913806974989,-2.95640536348393
94.6000000000007,0.399028094840789,2.35168044315877,-2.75070853799956
94.8000000000007,0.0984641666378726,2.53330394905382,-2.6317681156917
95.0000000000007,-0.0416223064773676,2.69948073896641,-2.65785843248904
95.2000000000007,-0.100701584526912,2.69526697225633,-2.59456538772941
95.4000000000007,-0.265170214911736,2.63602306645015,-2.37085285153842
95.6000000000007,-0.564938258325755,2.73272569409805,-2.1677874357723
95.8000000000007,-0.769955610846946,2.88616470154659,-2.11620909069964
96.0000000000007,-0.815923101439512,2.90147639248251,-2.08555329104299
96.2000000000007,-0.908698489792989,2.78226045134736,-1.87356196155437
96.4000000000007,-1.15611118597139,2.76619838469156,-1.61008719872017
96.6000000000007,-1.40037542607452,2.87968290422658,-1.47930747815206
96.8000000000007,-1.45675748617152,2.90034585469789,-1.44358836852637
97.0000000000007,-1.48823053897953,2.76919353619857,-1.28096299721904
97.2000000000007,-1.65940048210796,2.64537933168228,-0.985978849574324
97.4000000000007,-1.89559309897478,2.68051084969996,-0.784917750725183
97.6000000000007,-1.99620491100422,2.71255743976918,-0.716352528764958
97.8000000000007,-1.9694814556465,2.57868109946895,-0.609199643822449
98.0000000000008,-2.04569853027973,2.37870919137797,-0.333010661098237
98.2000000000008,-2.24735334716846,2.31543487362834,-0.0680815264598791
98.4000000000008,-2.374255260025,2.34127414259777,0.0329811174272261
98.6000000000008,-2.32751506667057,2.22281292865362,0.104702138016949
98.8000000000008,-2.31065760981881,1.98959196728073,0.321065642538081
99.0000000000008,-2.4453175505705,1.83244630427142,0.612871246299084
99.2000000000008,-2.56725552825658,1.80916233700744,0.758093191249134
99.4000000000008,-2.53425838061854,1.73449083649684,0.799767544121704
99.6000000000008,-2.42955472484527,1.49035966968328,0.939195055161993
99.8000000000008,-2.46137631643274,1.2574823455876,1.20389397084514
100.000000000001,-2.57093177972541,1.17472384810811,1.39620793161729
100.200000000001,-2.54377494390987,1.12213532114064,1.42163962276923
100.400000000001,-2.39215693958036,0.905503677976966,1.48665326160339
100.600000000001,-2.31919029005109,0.623561001956679,1.69562928809441
100.800000000001,-2.38315464865756,0.476646701968009,1.90650794668955
101.000000000001,-2.3647385022399,0.415724010552166,1.94901449168774
101.200000000001,-2.19512311458439,0.25985686270724,1.93526625187715
101.400000000001,-2.02873679710868,-0.0353404271904049,2.06407722429909
101.600000000001,-2.00798260060094,-0.250428098545535,2.25841069914648
101.800000000001,-2.01252589211972,-0.315919951939154,2.32844584405887
102.000000000001,-1.84418993723126,-0.420924268062912,2.26511420529417
102.200000000001,-1.61457244275896,-0.679469868328776,2.29404231108773
102.400000000001,-1.51147215557047,-0.93790454140587,2.44937669697634
102.600000000001,-1.5011891518173,-1.025410087629,2.52659923944629
102.800000000001,-1.3677474239752,-1.08196389576555,2.44971131974075
103.000000000001,-1.10685194795492,-1.26696216612872,2.37381411408364
103.200000000001,-0.923823144073166,-1.52938003753302,2.45320318160619
103.400000000001,-0.869262998159201,-1.66379270527974,2.53305570343894
103.600000000001,-0.782221546454806,-1.67247779072329,2.4546993371781
103.800000000001,-0.521995206842649,-1.78148986418705,2.3034850710297
104.000000000001,-0.267225569702827,-2.01329393793762,2.28051950764044
104.200000000001,-0.168067403866102,-2.17960989358637,2.34767729745247
104.400000000001,-0.101316755597304,-2.1718225683875,2.27313932398481
104.600000000001,0.110432480891302,-2.189986542816,2.0795540619247
104.800000000001,0.404920778755413,-2.35949006426677,1.95456928551135
105.000000000001,0.557600009104533,-2.52635760545488,1.96875759635035
105.200000000001,0.611897993067237,-2.54046609204282,1.92856809897558
105.400000000001,0.762156138172049,-2.48012836868292,1.71797223051087
105.600000000001,1.04343563390239,-2.55672813032575,1.51329249642337
105.800000000001,1.25776782418998,-2.71346070905219,1.45569288486221
106.000000000001,1.30691057422268,-2.73791673706899,1.43100616284631
106.200000000001,1.38691892358857,-2.62756839681568,1.2406494732271
106.400000000001,1.6162690494363,-2.59592042153335,0.979651372097044
106.600000000001,1.86030558835346,-2.70323607141548,0.84293048306202
106.800000000001,1.93024046283836,-2.7347516021691,0.804511139330741
107.000000000001,1.94690339402878,-2.61353547372136,0.666632079692582
107.200000000001,2.10513471816087,-2.48121260659034,0.376077888429472
107.400000000001,2.33507361714826,-2.5009154724558,0.165841855307543
107.600000000001,2.44795711611979,-2.54934664595849,0.101389529838694
107.800000000001,2.4160825967706,-2.42037293719508,0.00429034042447674
108.000000000001,2.47387878790584,-2.21946492660361,-0.254413861302229
108.200000000001,2.67033385269542,-2.143194576903,-0.527139275792422
108.400000000001,2.80087556869612,-2.16984329921914,-0.63103226947697
108.600000000001,2.76336982972823,-2.06950058001739,-0.693869249710834
108.800000000001,2.72602154620195,-1.83590794978747,-0.890113596414484
109.000000000001,2.84808929730508,-1.66599448289577,-1.18209481440931
109.200000000001,2.97790074447668,-1.63609431717101,-1.34180642730567
109.400000000001,2.95408709685982,-1.58192292496934,-1.37216417189048
109.600000000001,2.83383800140969,-1.34131049831426,-1.49252750309543
109.800000000001,2.84704135862432,-1.09694609253461,-1.75009526608971
110.000000000001,2.96296814911058,-1.00432751750619,-1.95864063160439
110.200000000001,2.94196931533848,-0.962642800237173,-1.9793265151013
110.400000000001,2.79066684113743,-0.763101412013095,-2.02756542912434
110.600000000001,2.69268665092203,-0.468799173173388,-2.22388747774864
110.800000000001,2.74907855940505,-0.30868663015687,-2.44039192924818
111.000000000001,2.74898910350304,-0.250723741334112,-2.49826536216893
111.200000000001,2.5812634714052,-0.116507667250008,-2.46475580415519
111.400000000001,2.39390729122417,0.178344464165496,-2.57225175538967
111.600000000001,2.35790844447399,0.414014913140052,-2.77192335761404
111.800000000001,2.37508360847769,0.483993196060856,-2.85907680453855
112.000000000001,2.21729579886754,0.569503202228538,-2.78679900109607
112.200000000001,1.97704788178695,0.815017771845917,-2.79206565363287
112.400000000001,1.84772616870102,1.09363680533094,-2.94136297403196
112.600000000001,1.83853031159108,1.19494741908555,-3.03347773067663
112.800000000001,1.72815654269432,1.23716726768114,-2.96532381037545
113.000000000001,1.46098128722162,1.40167880557765,-2.86266009279927
113.200000000001,1.25260274429582,1.67026613006887,-2.92286887436469
113.400000000001,1.18846809630244,1.82876828339554,-3.01723637969798
113.600000000001,1.11999599634908,1.83221798974987,-2.95221398609895
113.800000000001,0.871147405193271,1.91705859599805,-2.78820600119132
114.000000000001,0.594493223348405,2.14261662786782,-2.73710985121623
114.200000000001,0.47325614718835,2.33249004587794,-2.80574619306629
114.400000000001,0.415628159238778,2.33773698967221,-2.75336514891098
114.600000000001,0.227501714656911,2.33088220454341,-2.55838391920033
114.800000000001,-0.0800475897585037,2.4829999044689,-2.4029523147104
115.000000000001,-0.263163691769954,2.66716638359086,-2.4040026918209
115.200000000001,-0.317219531801594,2.70213095535187,-2.38491142355027
115.400000000001,-0.44439033618542,2.62874310992697,-2.18435277374155
115.600000000001,-0.722646383019607,2.6813598886646,-1.95871350564499
115.800000000001,-0.963714788990046,2.83861742646694,-1.8749026374769
116.000000000001,-1.02773339637319,2.8883011923565,-1.86056779598331
116.200000000001,-1.09206334236131,2.78563383240859,-1.69357049004728
116.400000000001,-1.30122124379934,2.72332506413251,-1.42210382033318
116.600000000001,-1.56300506828275,2.81989837585738,-1.25689330757463
116.800000000001,-1.66408350544169,2.87584027747684,-1.21175677203516
117.000000000001,-1.67018283875437,2.76967419912061,-1.09949136036624
117.200000000001,-1.80344293670643,2.61921618689997,-0.815773250193545
117.400000000001,-2.04008787472433,2.61645752795151,-0.576369653227179
117.600000000001,-2.18133068805758,2.67381984348177,-0.492489155424186
117.800000000001,-2.15659922752149,2.57064186785288,-0.41404264033139
118.000000000001,-2.19355843197064,2.36630966172102,-0.172751229750383
118.200000000001,-2.37544248507558,2.25876161026514,0.116680874810442
118.400000000001,-2.52925325113519,2.28255661705606,0.246696634079133
118.600000000001,-2.51546806693525,2.20889878330847,0.306569283626781
118.800000000001,-2.46196442365848,1.98390254281357,0.478061880844918
119.000000000001,-2.5623637502608,1.79188878909413,0.77047496116667
119.200000000001,-2.7064869591276,1.74489916808634,0.961587791041259
119.400000000001,-2.70852280745495,1.70627175498294,1.00225105247201
119.600000000001,-2.58963118331617,1.48865041245874,1.10098077085743
119.800000000001,-2.57913448516772,1.2313514149289,1.34778307023882
120.000000000001,-2.69052122463303,1.11329800207801,1.57722322255502
120.200000000001,-2.6967040887524,1.07437701117195,1.62232707758045
120.400000000001,-2.55864704901473,0.90250038500777,1.65614666400696
120.600000000001,-2.44301240735883,0.610244465089102,1.83276794226973
120.800000000001,-2.48055146609723,0.423119341602669,2.05743212449456
121.000000000001,-2.50270460349332,0.35953706841359,2.14316753507973
121.200000000001,-2.35753213630857,0.244180012279387,2.11335212402918
121.400000000001,-2.16114751123183,-0.0337530176519973,2.19490052888383
121.600000000001,-2.10540783341029,-0.28793160508141,2.3933394384917
121.800000000001,-2.12737803286383,-0.376414283794076,2.5037923166579
122.000000000001,-1.99629762645552,-0.450677209439527,2.44697483589505
122.200000000001,-1.75987151442533,-0.673494428109834,2.43336594253517
122.400000000001,-1.61338383132126,-0.957279560516562,2.57066339183782
122.600000000001,-1.5926777024282,-1.08618973650303,2.67886743893124
122.800000000001,-1.50793490127133,-1.12350081885065,2.63143572012198
123.000000000001,-1.25611970178829,-1.26988992239636,2.52600962418465
123.200000000001,-1.0306890438512,-1.53097672806108,2.56166577191228
123.400000000001,-0.956043703535839,-1.70959658668278,2.66564029021862
123.600000000001,-0.897969484016663,-1.724144933814,2.62211441783066
123.800000000001,-0.671888581632508,-1.79163559668802,2.46352417832053
124.000000000002,-0.391000521506754,-2.00411085221136,2.39511137371811
124.200000000002,-0.254799354225795,-2.20427288072364,2.45907223494944
124.400000000002,-0.196409832312131,-2.2314887004725,2.42789853278464
124.600000000002,-0.0317801048959387,-2.2144889279418,2.24626903283774
124.800000000002,0.267082827779494,-2.34859354466647,2.08151071688698
125.000000000002,0.471221621166037,-2.53609094568528,2.06486932451924
125.200000000002,0.528567057590768,-2.59166787054954,2.06310081295877
125.400000000002,0.638941405710833,-2.51963357806412,1.88069217235329
125.600000000002,0.901560486103565,-2.55101211188617,1.6494516257826
125.800000000002,1.15446560141685,-2.70637368826107,1.55190808684422
126.000000000002,1.22980793429335,-2.76996497068537,1.54015703639202
126.200000000002,1.2848359847136,-2.68091733424312,1.39608134952953
126.400000000002,1.47512214430954,-2.60328064546633,1.12815850115679
126.600000000002,1.73559779370278,-2.68519048271324,0.949592689010464
126.800000000002,1.85811738888952,-2.75595973045185,0.897842341562336
127.000000000002,1.85953079303308,-2.66405963753558,0.804528844502496
127.200000000002,1.97252350864705,-2.5070151513504,0.534491642703343
127.400000000002,2.20437409949898,-2.48640305390004,0.282028954401057
127.600000000002,2.361639447136,-2.55013178141561,0.188492334279613
127.800000000002,2.34263270411011,-2.46301307396665,0.120380369856541
128.000000000002,2.36162445391426,-2.2620143349152,-0.099610118999061
128.200000000002,2.53229678935124,-2.13633906146913,-0.395957727882103
128.400000000002,2.69310137249626,-2.15213014187399,-0.54097123062227
128.600000000002,2.69651534924974,-2.10241560343594,-0.594099745813806
128.800000000002,2.63039320668899,-1.88198578327442,-0.748407423414567
129.000000000002,2.70994828097978,-1.67629568199047,-1.03365259898932
129.200000000002,2.86237757252643,-1.62038836461815,-1.24198920790827
129.400000000002,2.87692003963135,-1.59149769138111,-1.28542234825023
129.600000000002,2.75787183199824,-1.39089314831603,-1.36697868368221
129.800000000002,2.72699366782155,-1.12723189754891,-1.59976177027263
130.000000000002,2.83274509312857,-0.99201369691645,-1.84073139621212
130.200000000002,2.8551840765857,-0.953458451617408,-1.90172562496829
130.400000000002,2.7256100451952,-0.807064388533344,-1.91854565666186
130.600000000002,2.59037432983939,-0.511762915593927,-2.07861141424546
130.800000000002,2.61159812877477,-0.304672254079132,-2.30692587469564
131.000000000002,2.6524085010529,-0.240514095559284,-2.41189440549362
131.200000000002,2.51542151023233,-0.139472870280816,-2.37594863995151
131.400000000002,2.31041665064118,0.125355641234453,-2.43577229187563
131.600000000002,2.23469978821493,0.39614671224883,-2.63084650046376
131.800000000002,2.25888068655839,0.496662222527804,-2.7555429090862
132.000000000002,2.14915968332347,0.560895423187591,-2.71005510651106
132.200000000002,1.91104624065553,0.762430353552116,-2.67347659420764
132.400000000002,1.74218179608721,1.05405472253329,-2.7962365186205
132.600000000002,1.71228163665169,1.20726185415247,-2.91954349080416
132.800000000002,1.65009969656401,1.23756026669764,-2.88765996326165
133.000000000002,1.40443888168881,1.36171018432241,-2.76614906601122
133.200000000002,1.16110994616918,1.62038728190955,-2.78149722807873
133.400000000002,1.06953983074437,1.82199715945893,-2.89153699020331
133.600000000002,1.02372587713633,1.83978518272574,-2.86351105986207
133.800000000002,0.816715325489805,1.89102914716768,-2.70774447265749
134.000000000002,0.523666424983534,2.08832916472866,-2.6119955897122
134.200000000002,0.36707119098913,2.30062804675062,-2.66769923773976
134.400000000002,0.307695107849527,2.35058421214788,-2.65827931999741
134.600000000002,0.166807889426874,2.31869537635123,-2.48550326577811
134.800000000002,-0.12938612964302,2.42992834433755,-2.30054221469453
135.000000000002,-0.358986867210045,2.624918531295,-2.26593166408496
135.200000000002,-0.427037158907769,2.70356288229978,-2.27652572339201
135.400000000002,-0.51719195659129,2.62955325834901,-2.11236130175772
135.600000000002,-0.76663688901599,2.63851855210735,-1.87188166309136
135.800000000002,-1.03848855193493,2.78617963680054,-1.74769108486561
136.000000000002,-1.13362062567273,2.87040188436852,-1.73678125869579
136.200000000002,-1.17886111433639,2.79496946251909,-1.6161083481827
136.400000000002,-1.34748143731533,2.69625071706395,-1.34876927974862
136.600000000002,-1.61295621152848,2.75963399738857,-1.14667778586009
136.800000000002,-1.76174157342134,2.84520949598635,-1.08346792256501
137.000000000002,-1.76437813937838,2.7722012933105,-1.00782315393212
137.200000000002,-1.85433570869379,2.60897631156797,-0.754640602874186
137.400000000002,-2.07942510304968,2.56287645371743,-0.483451350667742
137.600000000002,-2.259381833369,2.62761347584566,-0.368231642476657
137.800000000002,-2.25821119846738,2.56585938352313,-0.30764818505575
138.000000000002,-2.25592592215327,2.3676704748112,-0.111744552657938
138.200000000002,-2.41030256988965,2.2189291544214,0.191373415468249
138.400000000002,-2.58662918029636,2.22150603306019,0.365123147236171
138.600000000002,-2.61107139799468,2.19319169919308,0.417879698801606
138.800000000002,-2.53875669187158,1.98711449845167,0.551642193419906
139.000000000002,-2.59535612247918,1.76581947912005,0.829536643359131
139.200000000002,-2.74916589837293,1.68889978147461,1.06026611689832
139.400000000002,-2.78725168306426,1.66890792244579,1.11834376061847
139.600000000002,-2.67863887505234,1.49331830781545,1.18532056723689
139.800000000002,-2.62243110503774,1.22324510792104,1.3991859971167
140.000000000002,-2.71917442969488,1.0665274107509,1.65264701894399
140.200000000002,-2.76408581887098,1.02198018125315,1.74210563761783
140.400000000002,-2.64881910242754,0.899998561156763,1.74882054127078
140.600000000002,-2.50181383477437,0.614028119398714,1.88778571537565
140.800000000002,-2.5022762330862,0.383014957645502,2.11926127544069
141.000000000002,-2.55388928729422,0.305782897232301,2.24810639006192
141.200000000002,-2.4397361919522,0.221084179967486,2.21865201198471
141.400000000002,-2.23299963580519,-0.0258372531527776,2.25883688895797
141.600000000002,-2.13326657150766,-0.308917454557988,2.44218402606565
141.800000000002,-2.15556776848521,-0.429055243918507,2.58462301240371
142.000000000002,-2.07061766572458,-0.489216692229989,2.55983435795457
142.200000000002,-1.84043180346176,-0.66778445124912,2.50821625471088
142.400000000002,-1.65424805475137,-0.957680192251218,2.61192824700259
142.600000000002,-1.6106974612114,-1.13727053838101,2.74796799959242
142.800000000002,-1.56535239013662,-1.17203685245254,2.73738924258916
143.000000000002,-1.33861770925454,-1.27598747815698,2.61460518741152
143.200000000002,-1.08370442416472,-1.52440263140144,2.60810705556616
143.400000000002,-0.973867600219425,-1.74392849322719,2.71779609344661
143.600000000002,-0.93233188807895,-1.7780657667391,2.71039765481805
143.800000000002,-0.750321635180027,-1.81406240912618,2.56438404430621
144.000000000002,-0.456889314125379,-1.99556397034882,2.4524532844742
144.200000000002,-0.278807169760448,-2.21296859245437,2.49177576221482
144.400000000002,-0.217234664920667,-2.28677505064809,2.50400971556876
144.600000000002,-0.0950621326368296,-2.25312781301599,2.34818994565282
144.800000000002,0.187446959029061,-2.33944688453822,2.15199992550916
145.000000000002,0.43499998316327,-2.53544740745881,2.10044742429554
145.200000000002,0.515724024707983,-2.6339026305387,2.11817860583071
145.400000000002,0.592674169911414,-2.56834273362603,1.97566856371461
145.600000000002,0.821680324387152,-2.55722177724794,1.73554145286079
145.800000000002,1.10232180405082,-2.69624588810584,1.59392408405502
146.000000000002,1.21946785238191,-2.79399522648156,1.57452737409966
146.200000000002,1.25528173795283,-2.73550237970956,1.48022064175673
146.400000000002,1.40709190938245,-2.62796483234046,1.22087292295801
146.600000000002,1.66742560529712,-2.66736445182642,0.999938846529299
146.800000000002,1.83662370375392,-2.7658006893921,0.929176985638179
147.000000000002,1.84421446553465,-2.70989063691625,0.865676171381603
147.200000000002,1.91459563720813,-2.54551504678333,0.630919409575204
147.400000000002,2.12957524318383,-2.48037174188687,0.350796498703037
147.600000000002,2.32248308387023,-2.54311419450113,0.220631110630905
147.800000000002,2.33884807764722,-2.50090619848731,0.162058120840092
148.000000000002,2.32127368210715,-2.31139239515168,-0.00988128695547053
148.200000000002,2.45880705281479,-2.14704839611901,-0.311758656695777
148.400000000002,2.64135201848285,-2.13322102636859,-0.50813099211426
148.600000000002,2.68641460288556,-2.12470872433549,-0.561705878550068
148.800000000002,2.60885908474077,-1.93176658739201,-0.677092497348754
149.000000000002,2.64334555964444,-1.69988050257051,-0.943465057073929
149.200000000002,2.79704686848166,-1.60589250019109,-1.19115436829057
149.400000000002,2.8505176027565,-1.59133594533839,-1.25918165741811
149.600000000002,2.7528182413118,-1.43810222601761,-1.3147160152942
149.800000000002,2.67523690178774,-1.16566706237722,-1.50956983941052
150.000000000002,2.75885223096756,-0.990998269807197,-1.76785396116037
150.200000000002,2.82121409682002,-0.94049798364309,-1.88071611317693
150.400000000002,2.71920478010379,-0.839789411272227,-1.87941536883156
150.600000000002,2.55988061427997,-0.563178601570074,-1.9967020127099
150.800000000002,2.54205987103,-0.314395808285597,-2.22766406274441
151.000000000002,2.60072004077611,-0.224324511658665,-2.37639552911744
151.200000000002,2.50370964929196,-0.15279473864048,-2.35091491065148
151.400000000002,2.29823563274623,0.0744130528380372,-2.37264868558427
151.600000000002,2.1743104874131,0.369421744204383,-2.54373223161748
151.800000000002,2.19003790594231,0.507824745311653,-2.69786265125397
152.000000000002,2.13061466194754,0.561806116100661,-2.6924207780482
152.200000000002,1.90412937761231,0.721064672224431,-2.62519404983674
152.400000000002,1.69989954509607,1.00774454354015,-2.70764408863622
152.600000000002,1.6456862829334,1.20896374102231,-2.85465002395571
152.800000000002,1.61145019734592,1.2487846158238,-2.86023481316973
153.000000000002,1.402703210146,1.33382900553768,-2.73653221568368
153.200000000002,1.13853124705658,1.57015034101058,-2.70868158806717
153.400000000002,1.00684806609732,1.80526959872711,-2.81211766482442
153.600000000002,0.967077659084924,1.8584117999078,-2.82548945899272
153.800000000002,0.811069368451594,1.87779925086065,-2.68886861931224
154.000000000002,0.514083847851811,2.04100452884282,-2.55508837669463
154.200000000002,0.312519726648816,2.26581489560769,-2.5783346222565
154.400000000002,0.248678690652383,2.36193776128849,-2.61061645194087
154.600000000002,0.142508541066891,2.32366840973189,-2.46617695079878
154.800000000002,-0.127168257972818,2.38775833545442,-2.2605900774816
155.000000000002,-0.393278291811183,2.58131335255278,-2.18803506074159
155.200000000002,-0.489016953377585,2.69779733405577,-2.20878038067819
155.400000000002,-0.555636629657681,2.64549658989223,-2.08985996023455
155.600000000002,-0.763308809821039,2.61188762924535,-1.84857881942431
155.800000000002,-1.05214405214061,2.73630386263859,-1.68415981049798
156.000000000002,-1.19652027892605,2.8520274346956,-1.65550715576955
156.200000000002,-1.2264632915036,2.81059678998662,-1.58413349848302
156.400000000002,-1.35612619876902,2.68987150999663,-1.33374531122761
156.600000000002,-1.61457522105797,2.70872686908545,-1.09415164802748
156.800000000002,-1.80673097544643,2.81334108138569,-1.00661010593926
157.000000000002,-1.82071432924923,2.77641611937859,-0.955701790129361
157.200000000002,-1.87508806753473,2.61580067129771,-0.74071260376298
157.400000000002,-2.0748413811328,2.52512492072317,-0.450283539590375
157.600000000002,-2.28084656199312,2.58105998757935,-0.300213425586227
157.800000000002,-2.32092460921633,2.56113831071578,-0.240213701499454
158.000000000002,-2.29048881033384,2.38220094153281,-0.0917121311989746
158.200000000002,-2.40636153321647,2.20123848741915,0.205123045797322
158.400000000002,-2.59606788162214,2.16920427060864,0.426863611013501
158.600000000002,-2.66404861987806,2.17349474178313,0.490553878094932
158.800000000002,-2.58721213478887,2.00122742364421,0.585984711144661
159.000000000003,-2.59973190800236,1.76057832029154,0.839153587710819
159.200000000003,-2.7465122632083,1.64302568816459,1.10348657504371
159.400000000003,-2.82106443682982,1.63084161291322,1.1902228239166
159.600000000003,-2.73697268868675,1.49985452519681,1.23711816348994
159.800000000003,-2.64107085286251,1.23026052689522,1.41081032596729
160.000000000003,-2.70750985516268,1.03505940916039,1.67245044600229
160.200000000003,-2.78472105433477,0.974069701579279,1.81065135275549
160.400000000003,-2.70158184431962,0.891239125195685,1.81034271912394
160.600000000003,-2.53728587748447,0.631884449187634,1.90540142829684
160.800000000003,-2.49594137996255,0.365755152286967,2.13018622767558
161.000000000003,-2.55738524319091,0.25745299980472,2.29993224338619
161.200000000003,-2.48457360724322,0.194100173182208,2.29047343406101
161.400000000003,-2.28156198605862,-0.00955982782908096,2.29112181388771
161.600000000003,-2.1379820648224,-0.310441597086218,2.44842366190862
161.800000000003,-2.14214660940242,-0.474196996524675,2.61634360592709
162.000000000003,-2.10462494106,-0.525398402779437,2.63002334383943
162.200000000003,-1.89096956531362,-0.665740076694694,2.55670964200831
162.400000000003,-1.67211322953536,-0.944690380864092,2.61680361039945
162.600000000003,-1.60035401865616,-1.16645418266879,2.76680820132495
162.800000000003,-1.57578913715465,-1.21768685134501,2.79347598849966
163.000000000003,-1.3901397540134,-1.28731338172417,2.67745313573756
163.200000000003,-1.11991828832385,-1.50591144201217,2.62582973033603
163.400000000003,-0.969758427005348,-1.75304221629042,2.72280064329576
163.600000000003,-0.925286492915455,-1.83090761474122,2.75619410765668
163.800000000003,-0.794175479824747,-1.83779069268712,2.63196617251187
164.000000000003,-0.504042254805609,-1.98233298145895,2.48637523626456
164.200000000003,-0.279728573999464,-2.2098523136547,2.48958088765416
164.400000000003,-0.207297100646022,-2.32779011050703,2.53508721115306
164.600000000003,-0.116603425862735,-2.29299291080474,2.40959633666747
164.800000000003,0.136251199018046,-2.33656638222213,2.20031518320409
165.000000000003,0.415103832730464,-2.52129151497357,2.10618768224311
165.200000000003,0.527370670128495,-2.65354687602838,2.12617620589989
165.400000000003,0.588069753965386,-2.61877808142638,2.03070832746099
165.600000000003,0.773381491039554,-2.56877286478973,1.79539137375018
165.800000000003,1.06226506962044,-2.67539886712302,1.61313379750258
166.000000000003,1.2321421310815,-2.80400847300407,1.57186634192257
166.200000000003,1.26273677659361,-2.78241154942521,1.5196747728316
166.400000000003,1.37139933387923,-2.65586385173747,1.28446451785824
166.600000000003,1.62160934799965,-2.65292679594428,1.03131744794464
166.800000000003,1.83303789782157,-2.76048909527754,0.927451197455968
167.000000000003,1.85854799434086,-2.74124210246913,0.882694108128273
167.200000000003,1.89689614949164,-2.58808351024085,0.691187360749211
167.400000000003,2.08226313765912,-2.47953638134726,0.397273243688141
167.600000000003,2.29406642011271,-2.52015309049374,0.226086670381035
167.800000000003,2.35720867803857,-2.52281660696188,0.165607928923303
168.000000000003,2.32117508906981,-2.35785440684118,0.0366793177713625
168.200000000003,2.41196243349841,-2.16216528489768,-0.249797148600722
168.400000000003,2.60531406836804,-2.11397973362894,-0.4913343347391
168.600000000003,2.69377919553666,-2.12754077310318,-0.56623842243348
168.800000000003,2.62088036086855,-1.97442438752794,-0.646455973340616
169.000000000003,2.61271758401305,-1.73163245932263,-0.881085124690416
169.200000000003,2.75196511833406,-1.5941353957731,-1.15782972256096
169.400000000003,2.84086558810537,-1.57544213531871,-1.26542345278667
169.600000000003,2.77280368408474,-1.47160569827489,-1.30119798580985
169.800000000003,2.66386525039558,-1.2064990394331,-1.45736621096248
170.000000000003,2.70690188361148,-0.99008528325633,-1.71681660035515
170.200000000003,2.79917748082693,-0.922012809573445,-1.87716467125348
170.400000000003,2.73232776944531,-0.852652651187246,-1.87967511825807
170.600000000003,2.5641252330819,-0.610576359334399,-1.9535488737475
170.800000000003,2.50244319121976,-0.332230423658773,-2.17021276756099
171.000000000003,2.56243693492563,-0.207061800797796,-2.35537513412784
171.200000000003,2.51052427902922,-0.147712142459998,-2.36281213656923
171.400000000003,2.31439486762704,0.0320108361527653,-2.3464057037798
171.600000000003,2.15155292549934,0.334870301642727,-2.48642322714206
171.800000000003,2.14016245922067,0.523569675745124,-2.66373213496579
172.000000000003,2.12329416592457,0.574888495214147,-2.69818266113872
172.200000000003,1.92221357813773,0.695644181895841,-2.61785776003357
172.400000000003,1.69089799551143,0.964966882399632,-2.65586487791106
172.600000000003,1.60027718829639,1.20601826871778,-2.80629545701417
172.800000000003,1.5821879254693,1.2680787792214,-2.8502667046907
173.000000000003,1.41992199654411,1.32546245487503,-2.74538445141914
173.200000000003,1.14507464554604,1.52480012080138,-2.66987476634742
173.400000000003,0.974953526067932,1.77955492326724,-2.75450844933517
173.600000000003,0.925083672760538,1.88287814931888,-2.80796182207942
173.800000000003,0.816199619772863,1.88046365947244,-2.6966632792453
174.000000000003,0.53464797293948,2.00274019148593,-2.53738816442542
174.200000000003,0.290623022200146,2.23212594745896,-2.52274896965911
174.400000000003,0.20437132584759,2.3713138363363,-2.57568516218389
174.600000000003,0.128407354462147,2.34073042231728,-2.46913777677943
174.800000000003,-0.105709193991336,2.36630289464135,-2.26059370065002
175.000000000003,-0.397578762935998,2.53815937816798,-2.14058061523198
175.200000000003,-0.528901266619579,2.68469547877018,-2.1557942121506
175.400000000003,-0.584109574131758,2.67024141621834,-2.08613184208658
175.600000000003,-0.748719842933445,2.60354391850846,-1.85482407557502
175.800000000003,-1.03574858035276,2.6899692736137,-1.65422069326094
176.000000000003,-1.22923653203805,2.83090142092736,-1.60166488888931
176.200000000003,-1.26464877561432,2.82652622563693,-1.5618774500226
176.400000000003,-1.35430468181967,2.69942793671842,-1.34512325489875
176.600000000003,-1.5934007567016,2.67512773627088,-1.08172697956928
176.800000000003,-1.82143200290495,2.77711385565463,-0.955681852749684
177.000000000003,-1.86625489560203,2.78043010964452,-0.914175214042489
177.200000000003,-1.88814299305917,2.6365403530497,-0.748397359990536
177.400000000003,-2.05493889507144,2.50586471968565,-0.450925824614214
177.600000000003,-2.27555380410688,2.53205885432597,-0.25650505021909
177.800000000003,-2.36144108686347,2.55504550967276,-0.193604422809294
178.000000000003,-2.32114473301461,2.40301138152447,-0.081866648509866
178.200000000003,-2.38982282839875,2.19779032735903,0.192032501039719
178.400000000003,-2.58132475882767,2.12923345584648,0.452091302981184
178.600000000003,-2.68862609673606,2.14673957386251,0.541886522873548
178.800000000003,-2.62890718875604,2.0179406619681,0.610966526787942
179.000000000003,-2.59821552741392,1.7736672264444,0.824548300969522
179.200000000003,-2.72459110598318,1.61490918177775,1.10968192420543
179.400000000003,-2.83129509554271,1.58733984562715,1.24395524991556
179.600000000003,-2.77978516129478,1.50710679338378,1.27267836791099
179.800000000003,-2.65976625690061,1.25142007964759,1.40834617725302
180.000000000003,-2.6813648771974,1.01584065502255,1.66552422217486
180.200000000003,-2.78106820482304,0.933232145874913,1.84783605894813
180.400000000003,-2.73407952336769,0.877069628850627,1.85700989451706
180.600000000003,-2.56811490990138,0.654027009070165,1.91408790083122
180.800000000003,-2.4822323893234,0.365810679888475,2.11642170943492
181.000000000003,-2.53809450007902,0.222841901572567,2.31525259850645
181.200000000003,-2.50732264448289,0.162540433360317,2.34478221112258
181.400000000003,-2.32122085603359,0.00629744970905705,2.31492340632453
181.600000000003,-2.14365906922147,-0.291744319802107,2.43540338902358
181.800000000003,-2.11393197546539,-0.505325258795653,2.61925723426104
182.000000000003,-2.11172465783916,-0.564319963967644,2.6760446218068
182.200000000003,-1.93067436680518,-0.665009932715862,2.59568429952104
182.400000000003,-1.68931194587385,-0.922050912820603,2.61136285869445
182.600000000003,-1.57751149404745,-1.17973932651754,2.75725082056499
182.800000000003,-1.56339320629665,-1.25776285509106,2.82115606138771
183.000000000003,-1.4227844709521,-1.30584707068011,2.72863154163221
183.200000000003,-1.1499671198966,-1.48491096727631,2.63487808717291
183.400000000003,-0.960568731079125,-1.7431474342941,2.70371616537323
183.600000000003,-0.901508500249194,-1.87098001420032,2.77248851444952
183.800000000003,-0.811529171548015,-1.86759108612061,2.67912025766862
184.000000000003,-0.545371120880387,-1.96766290539934,2.51303402627973
184.200000000003,-0.283800911000311,-2.19219362272844,2.47599453372875
184.400000000003,-0.181482333314887,-2.35240726737871,2.53388960069359
184.600000000003,-0.114964239139202,-2.33448429741653,2.44944853655573
184.800000000003,0.0964823053314801,-2.33856854954157,2.24208624421009
185.000000000003,0.395565836824191,-2.49846474348045,2.10289890665626
185.200000000003,0.550551948416836,-2.65826058903411,2.10770864061727
185.400000000003,0.600854501487341,-2.66179320825238,2.06093870676503
185.600000000003,0.7472854342466,-2.58763124460229,1.84034581035569
185.800000000003,1.02754445912943,-2.65109589749018,1.62355143836075
186.000000000003,1.24119926074074,-2.79737963458153,1.55618037384079
186.200000000003,1.28648095860678,-2.81307503495493,1.52659407634815
186.400000000003,1.35892852828238,-2.69025321431992,1.33132468603754
186.600000000003,1.58198956759891,-2.64305818234478,1.06106861474586
186.800000000003,1.82309758975753,-2.73935146331292,0.916253873555392
187.000000000003,1.89054290504646,-2.76224540869422,0.871702503647755
187.200000000003,1.89831310816909,-2.62997630402542,0.731663195856331
187.400000000003,2.04715031155985,-2.48503547697675,0.437885165416895
187.600000000003,2.27118238191914,-2.49164812361237,0.220465741693231
187.800000000003,2.37926905018334,-2.53087455921188,0.151605509028548
188.000000000003,2.33963818195625,-2.39458140936271,0.0549432274064583
188.200000000003,2.38649462946782,-2.18342241590715,-0.20307221356067
188.400000000003,2.57205577299548,-2.09475591024003,-0.477299862755457
188.600000000003,2.69493193046766,-2.11191516363937,-0.583016766828293
188.800000000003,2.65092489420082,-2.00645706799122,-0.644467826209602
189.000000000003,2.60292429920255,-1.76686318603448,-0.836061113168078
189.200000000003,2.71167334919032,-1.58821863528849,-1.12345471390183
189.400000000003,2.83271041343066,-1.54906752695544,-1.28364288647523
189.600000000003,2.80094691310782,-1.48954094504082,-1.311405968067
189.800000000003,2.67157383598809,-1.24678342494908,-1.42479041103901
190.000000000003,2.67211418595639,-0.996108831636502,-1.67600535431989
190.200000000003,2.77632644194208,-0.89715022676669,-1.87917621517539
190.400000000003,2.74628500007857,-0.849038553000083,-1.89724644707848
190.600000000003,2.58704574180861,-0.648699015925427,-1.93834672588318
190.800000000003,2.48085051140165,-0.354416377699217,-2.12643413370243
191.000000000003,2.52324294015694,-0.190541522371383,-2.33270141778556
191.200000000003,2.51586164244131,-0.130153222193912,-2.3857084202474
191.400000000003,2.34235321446862,0.00525798528813748,-2.34761119975675
191.600000000003,2.14812145425436,0.295406955150348,-2.44352840940471
191.800000000003,2.10293019904154,0.530021044701955,-2.63295124374349
192.000000000003,2.11100001619299,0.599958365980485,-2.71095838217347
192.200000000003,1.94838951742905,0.683966290572352,-2.63235580800141
192.400000000003,1.7037375334872,0.923994012970773,-2.62773154645797
192.600000000003,1.57011916375463,1.19589360861994,-2.76601277237457
192.800000000003,1.55147624409968,1.29450711879188,-2.84598336289157
193.000000000003,1.43790488611859,1.33113765532287,-2.76904254144146
193.200000000003,1.1679456690677,1.49200373101874,-2.65994940008645
193.400000000003,0.956590644206397,1.7498568529046,-2.706447497111
193.600000000003,0.890673196867626,1.90098814314415,-2.79166134001177
193.800000000004,0.814788017960468,1.89951695835485,-2.71430497631532
194.000000000004,0.565935570140025,1.97764783119174,-2.54358340133176
194.200000000004,0.290094068731987,2.19520619487641,-2.4853002636084
194.400000000004,0.170382453244052,2.37220246935993,-2.54258492260398
194.600000000004,0.109368966413876,2.37144053870137,-2.48080950511525
194.800000000004,-0.0782919053862827,2.35680089605002,-2.27850899066374
195.000000000004,-0.38091789313639,2.49990012776755,-2.11898223463116
195.200000000004,-0.561375964779939,2.67140129683171,-2.11002533205177
195.400000000004,-0.611170451541649,2.69505397387177,-2.08388352233012
195.600000000004,-0.737520805450405,2.61320933003857,-1.87568852458816
195.800000000004,-1.00930272392468,2.65542666752137,-1.64612394359669
196.000000000004,-1.24300463147307,2.80233953360753,-1.55933490213446
196.200000000004,-1.29906848183831,2.83635463715227,-1.53728615531396
196.400000000004,-1.35882136363058,2.72491938712626,-1.36609802349569
196.600000000004,-1.56274324162251,2.65260812945638,-1.08986488783388
196.800000000004,-1.81283995143004,2.73803573795375,-0.925195786523711
197.000000000004,-1.90629228852509,2.78234069583565,-0.876048407310565
197.200000000004,-1.90358314362997,2.66207366778013,-0.75849052415016
197.400000000004,-2.03078295035075,2.50386937130102,-0.473086420950264
197.600000000004,-2.25792058282216,2.49261332377188,-0.234692740949714
197.800000000004,-2.38710663634205,2.54009431510751,-0.152987678765459
198.000000000004,-2.35173696567002,2.42386964643661,-0.072132680766587
198.200000000004,-2.38057480612495,2.21233675228271,0.168238053842235
198.400000000004,-2.55361358779891,2.09761323460325,0.456000353195658
198.600000000004,-2.69213655126378,2.11238874701615,0.579747804247626
198.800000000004,-2.6679345734733,2.03221740989124,0.635717163582059
199.000000000004,-2.60222514796282,1.79607442752388,0.806150720438945
199.200000000004,-2.69238528460246,1.59991542516444,1.09246985943802
199.400000000004,-2.8263493263377,1.54922324534757,1.27712608099013
199.600000000004,-2.81179169956903,1.50372701608858,1.30806468348045
199.800000000004,-2.68132413409787,1.27907272034694,1.40225141375093
200,-2.66006221859034,1.01676047146474,1.6433017471256
